Country,Population (thousands),Compulsory attendance amount,Early education attendance rate,Primary enrollment,Secondary enrollment,Tertiary enrollment,Male literacy rate,Female literacy rate,Primary completion rate,Primary to secondary transition rate,Primary drop out rate,Lower secondary repeaters count,Primary repeaters count,Primary repeaters rate,School life expectancy,Lower secondary teacher-student ratio,Primary teacher-student ratio,Upper secondary teacher-student ratio,Education spending (percentage of GDP),Unemployment rate,Child labor percentage,Average income,Average income currency,Average Income GNI,GDP (USD),Labor force count,Three year average unnourished count
Afghanistan,29825,9.0,1.0,4318819,651453,27648,43.1,12.6,84.3305892944336,56.14616,12.214,19907.0,70786.0,8.99976,6.71741,45.04142,45.71171,30.74908,3.21377992630005,11.73,10.0,,,500.0,19807067268.1084,,11.1
Albania,3162,9.0,40.0,250487,397056,53014,99.2,98.3,100.732406616211,99.05388,1.28747,1998.0,1435.0,0.73319,5.54973,12.3303,18.92294,17.65478,3.94576001167297,11.7,12.0,,,5210.0,14799615097.1008,1102890.0,0.1
Algeria,38482,10.0,,4361744,3755821,755463,79.6,60.1,103.663528442383,94.39702,6.587,536757.0,260056.0,6.90663,5.95081,17.80495,23.66406,16.15822,6.10035991668701,12.83,5.0,,,3550.0,145163902228.168,10500000.0,1.2
Angola,20821,6.0,,1057188,413695,12566,82.9,54.2,46.1871490478516,44.15628,68.12715,66986.0,517629.0,10.29738,8.11996,33.27119,42.54306,20.50581,1.82117998600006,7.7,24.0,,,2230.0,62306913444.2917,,5.7
Antigua and Barbuda,89,11.0,,13025,5276,,,,96.1988296508789,100.0,8.67793,572.0,252.0,2.47739,6.78474,10.88577,14.2465,13.17411,3.32161998748779,,,,,14250.0,1415059259.25926,,
Argentina,41087,14.0,,4685532,3516365,2127113,97.2,97.2,98.5472412109375,95.14655,5.43207,266755.0,131794.0,2.85032,6.66442,16.31017,17.22969,8.5772,4.80237007141113,11.67,7.0,,,8930.0,383066977653.56,11186800.0,1.7
Armenia,2969,12.0,,125149,365400,86629,99.7,99.2,93.1652908325195,96.669,9.7935,446.0,291.0,0.20419,3.06775,,19.3076,,2.70476007461548,20.21,4.0,191026000000.0,dram,4220.0,12645459213.5235,,0.1
Aruba,,13.0,,10250,7116,2106,97.5,97.1,101.180557250977,97.41092,4.0594,373.0,721.0,7.34515,7.00156,,14.78869,,5.4913501739502,,,93000000.0,Aruban florin                           ,27120.0,3202188606.92893,,
Austria,8464,13.0,,362822,781292,244410,,,99.4085006713867,98.80581,0.50383,7389.0,8705.5,2.66022,4.07178,7.99922,10.71766,11.79775,5.22535991668701,5.77,,10344300000.0,Euro,48020.0,430947393757.511,3633830.0,
Azerbaijan,9309,10.0,,568097,1069980,128634,99.5,98.2,99.5177993774414,98.89693,2.73738,5406.0,811.0,0.15665,4.22328,,12.62333,,2.68108010292053,6.27,7.0,,,4450.0,42607176470.5882,,0.2
Bahamas,372,12.0,,37050,32089,,,,95.8360290527344,98.2866,10.5001,246.0,1196.0,3.52003,6.39624,12.01494,14.1453,12.24927,2.51087999343872,14.41,,,,27780.0,11250000000.0,181890.0,
Bahrain,1318,9.0,,83299,71645,18841,88.6,83.6,100.241188049316,99.2355,2.19257,566.0,712.0,0.69161,6.30347,10.85485,11.66884,8.99816,2.32452011108398,4.09,5.0,286701000.0,Bahrain dinar,22170.0,38474521276.5957,,
Bangladesh,155000,5.0,15.0,17953300,10354760,911600,53.9,40.8,67.8321914672852,90.00065,33.79904,167820.858547,1727018.0,9.36942,5.59674,36.87466,40.21148,33.24147,1.32632005214691,5.3,13.0,,,2010.0,324239176765.053,49500000.0,20.9
Barbados,283,11.0,,22249,21418,7979,,,96.0407562255859,99.08315,6.62534,0.0,0.0,0.0,5.61699,,18.48996,,4.29515981674194,12.79,,,,14460.0,4365500000.0,142725.0,
Belarus,9405,9.0,86.0,379577,928488,528508,99.8,99.4,104.61791229248,98.3046,1.67616,29.0,110.0,0.02983,3.97541,7.97039,16.47603,8.25051,4.95244979858398,5.28,5.0,505228000.0,Belarussian rouble (re-denom. 1:10000),6330.0,60258239055.5829,,0.3
Belgium,11060,12.0,,738580,814539,389547,,,79.3348236083984,97.86316,7.80969,19707.0,18926.0,2.48738,6.28709,9.1517,11.23947,9.58262,6.37663984298706,6.01,,2404300000.0,Euro,45180.0,515332499627.861,4950820.0,
Belize,324,8.0,32.0,50389,31377,722,70.3,70.3,104.456230163574,93.40737,5.32856,1566.0,3569.0,6.86637,6.70896,18.55066,22.39466,15.26244,7.94095993041992,7.82,6.0,,,3970.0,1763696118.9519,110790.0,
Benin,10051,6.0,,1318140,435449,19758,47.9,23.3,62.4214897155762,78.71937,46.613,155186.0,231266.0,10.84061,7.49325,11.01843,45.92349,7.69833,2.96519994735718,2.54,46.0,,,1280.0,15651545208.8783,2583200.0,0.8
Bermuda,,13.0,,4760,4756,1960,,,91.5730285644531,92.83849,15.75779,0.0,0.0,0.0,5.24856,4.57933,6.72131,5.38916,1.32495999336243,,,17077000.0,Bermuda dollar,117740.0,7484113000.0,,
Bhutan,742,,10.0,99458,42144,1893,,,82.0742034912109,93.21866,21.14169,2339.0,6356.0,6.25178,7.13148,16.57639,26.65627,10.55754,6.85084009170532,3.74,3.0,,,2860.0,2409262838.21987,,
Bolivia,10496,14.0,,1541559,1048881,,93.1,80.7,91.6041488647461,91.96037,3.26918,31727.0,76662.0,5.68455,6.75154,16.53544,24.21916,19.4118,,5.61,26.0,5980190000.0,boliviano                               ,3200.0,36688861202.6049,3824940.0,1.8
Bosnia and Herzegovina,3834,9.0,6.0,,,,99.0,94.4,85.4233627319336,83.61221,13.48278,477.0,203.0,0.12607,5.00826,9.46856,16.82054,11.99279,,16.85,5.0,,,6090.0,19788422248.1072,1229900.0,0.1
Botswana,2004,,18.0,330888,165377,10950,80.4,81.8,94.5542678833008,97.32316,5.98795,279.0,14941.0,4.39357,7.62671,,22.61822,,6.91437005996704,17.7,9.0,226700000.0,pula                                    ,6640.0,15781732825.8934,589780.0,0.5
Brazil,199000,14.0,,18968584,25127503,4275027,88.4,88.8,100.684646606445,80.52367,19.37534,2255096.0,1442544.0,8.74965,5.41558,18.45293,21.22749,15.73995,6.08851003646851,13.67,3.0,148861000000.0,real,7850.0,1444733258971.65,92078500.0,5.4
Brunei Darussalam,412,9.0,,,,,,,104.958282470703,99.56272,3.63081,283.0,81.0,0.19719,6.43316,10.34535,10.25924,8.70334,4.42540979385376,8.37,,,,32230.0,12016056665.3473,188800.0,
Bulgaria,7278,11.0,,290017,685640,237909,98.7,97.7,84.9765167236328,99.46434,2.15607,5619.0,253.0,0.09774,3.95173,13.43385,17.73363,13.06862,4.09102010726929,5.71,,999000000.0,lev,9540.0,69105101089.5531,3467200.0,0.2
Burkina Faso,16460,10.0,2.0,1270837,295412,27942,31.4,16.6,64.8891677856445,53.28575,30.50298,157103.0,178317.0,6.87415,5.4228,30.02287,44.49899,16.0522,5.78548002243042,4.96,39.0,382877000000.0,CFA franc,790.0,17369059295.2226,,3.8
Burundi,9850,,5.0,1036859,173717,16889,67.3,52.2,59.3764190673828,57.75787,47.42957,92599.0,496374.0,24.25129,7.89895,42.50685,43.65376,26.20684,5.07864999771118,0.8,26.0,,,270.0,3258187232.63159,,
Cambodia,14865,,,2695372,631508,56810,84.7,64.1,91.9995574951172,78.48853,53.07779,7748.0,106283.0,5.25529,6.98199,19.7956,44.63494,25.33049,2.16285991668701,0.31,37.0,,,1490.0,25291251427.3979,5225000.0,2.4
Cameroon,21700,6.0,22.0,3000781,1197505,99864,77.0,59.8,65.4980392456055,53.24414,30.24518,192311.0,527232.0,12.72654,6.84427,19.73618,44.19526,19.26365,3.10050010681152,3.62,31.0,210461000000.0,CFA franc,1500.0,39802147568.2174,,1.6
Canada,34838,10.0,,2389188,2999244,1326711,,,97.8178405761719,,1.40553,,0.0,0.0,6.03469,19.02609,17.41596,12.19469,5.26205015182495,9.48,,,,43530.0,1644037286481.26,18368700.0,
Central African Republic,4525,10.0,5.0,367983,,6323,64.8,33.5,54.7060203552246,51.59781,53.44371,14658.0,150540.0,22.7293,5.70052,,80.11576,,1.76871001720428,4.33,29.0,,,510.0,2303078337.57431,,
Chad,12448,10.0,5.0,1262393,236754,10468,40.8,12.8,40.5602188110352,67.63452,49.01242,80891.0,566656.0,24.31167,6.23607,41.55428,62.42763,17.82284,2.37245988845825,2.26,26.0,,,660.0,10093118570.2918,,6.1
Chile,17465,12.0,,1720951,1630099,663694,95.8,95.6,98.2470169067383,95.1973,0.46895,22766.0,59282.0,4.05332,6.01261,20.99118,19.52587,21.00627,5.43316984176636,11.51,3.0,4014021304984.56,Chilean peso,13470.0,252940023046.011,6944390.0,0.7
China,1390000,9.0,,112739963,100631925,21335646,95.1,86.5,98.2946319580078,84.54896,18.89852,16935.0,75504.0,0.08044,6.24345,12.61388,16.23079,16.52553,3.54249000549316,5.0,,12655170000000.0,Yuan Renminbi,10610.0,14722730697890.1,,42.5
Colombia,47704,12.0,,5298257,4297228,1223594,92.8,92.9,106.765731811523,97.17905,16.50296,87873.0,69270.0,1.57124,5.67755,26.27563,24.28676,21.90267,4.5062198638916,15.44,9.0,59658000000000.0,Colombian peso,5780.0,271346896626.418,20177100.0,2.7
Comoros,718,6.0,,106700,43349,1779,,,76.7200775146484,66.74271,44.59307,5982.0,24898.0,20.71622,6.39282,10.73829,27.80796,6.42101,2.5450599193573,8.43,27.0,,,1450.0,1219690024.50287,,
Congo,4337,6.0,,597304,235294,12456,90.5,79.0,69.9111709594727,64.25653,29.70908,40672.0,167396.0,22.79069,6.80741,19.5078,44.442,16.8374,1.45494997501373,10.27,25.0,,,550.0,49868970641.1062,,1.5
Costa Rica,4805,13.0,,542087,347244,110717,94.7,95.1,104.592140197754,83.66508,9.6327,21520.0,19024.0,4.18224,6.60204,14.39949,13.22687,14.28597,6.74626016616821,17.08,5.0,1298735130660.82,Costa Rican colon,11460.0,61520669890.4037,1945900.0,0.2
Cote d'Ivoire,19840,10.0,6.0,2046165,736649,96681,60.8,38.6,80.5055084228516,68.03555,25.96117,154884.0,476712.0,15.00569,5.4329,34.32982,42.52673,20.60998,3.70040011405945,3.5,35.0,311000000000.0,CFA franc                               ,2280.0,61348579465.1017,,5.0
Croatia,4307,8.0,,192004,399845,121722,99.3,97.1,94.5315399169922,99.63093,0.56046,962.0,305.0,0.18965,3.94521,8.0956,13.69721,7.94166,3.90566992759705,7.2,,18701000000.0,kuna,14190.0,55966581780.1688,1766440.0,0.1
Cuba,11271,9.0,,895045,937493,471858,99.8,99.8,95.3008804321289,98.82017,3.54487,6280.0,5038.0,0.67305,5.86926,8.88597,9.06511,8.87554,12.8373098373413,3.87,,,,7480.0,103131000000.0,,
Cyprus,1129,10.0,,61247,64293,20078,98.6,95.1,102.545501708984,99.37245,9.16384,276.0,68.0,0.12883,5.94092,9.66562,13.39274,9.77062,5.75416994094849,7.21,,537000000.0,Euro,26110.0,23804340376.9275,402589.0,
Czech Republic,10660,9.0,,502831,975284,336307,,,101.437652587891,99.22706,0.71128,3376.0,2912.0,0.57029,5.04564,11.26948,18.93175,11.79291,4.26692008972168,2.94,,88460000000.0,Czech koruna,22070.0,245349489988.26,5377010.0,
Democratic People's Republic of Korea,24763,9.0,98.0,4125423,3692513,3224875,,,105.239730834961,,,0.0,0.0,0.0,3.99228,,21.99997,,4.45807981491089,4.07,,,,32860.0,1630525005469.11,24394500.0,12.2
Denmark,5598,10.0,,414103,464952,232255,,,101.897079467773,99.47232,0.51984,2842.0,4496.0,0.96174,7.08681,10.04251,9.93301,10.06155,7.75243997573853,5.66,,37372000000.0,Danish krone,63070.0,356084867685.639,2923000.0,
Djibouti,860,10.0,14.0,50651,30142,1696,,,63.0319709777832,63.54413,15.5977,2504.0,5430.0,8.62726,3.32626,27.99262,33.02204,17.14638,3.62773990631104,11.57,8.0,,,3320.0,3384404260.07202,,
Dominica,72,12.0,,9441,7476,,,,113.926696777344,95.12605,14.98697,264.0,251.0,3.26186,8.21447,14.66192,14.25,7.93359,4.99812984466553,,,,,6870.0,469870370.37037,,
Dominican Republic,10277,15.0,,1289745,808352,293565,86.8,87.2,96.3163070678711,91.40536,21.39846,18919.0,88551.0,6.9839,6.08035,24.46519,20.56358,19.85137,4.04276990890503,8.9,13.0,155872729067.436,Dominican peso,7260.0,78844702329.0785,3933660.0,0.6
Ecuador,15492,15.0,,2000297,999713,,92.3,89.7,100.613746643066,97.29798,11.09196,25317.0,27712.0,1.34507,6.8093,15.13735,23.58811,26.23663,4.13413000106812,6.23,8.0,5969619000.0,US dollar,5530.0,98808010000.0,4383510.0,1.5
Egypt,80722,12.0,,9563627,8177320,,83.0,59.4,104.609298706055,81.95146,3.90231,430449.0,355146.0,3.19873,6.2435,16.55988,23.14367,12.08741,3.9308500289917,10.45,7.0,121495200000.0,Egyptian pound,3000.0,363069245165.315,24656700.0,4.6
El Salvador,6297,15.0,,1045484,524202,122431,82.1,79.2,86.6076965332031,88.84313,17.36008,19259.0,46801.0,6.05582,6.6492,45.60774,24.47664,29.08626,3.38515996932983,6.98,5.0,,,3650.0,24638720000.0,2937000.0,0.6
Equatorial Guinea,736,6.0,,75809,21173,1003,93.4,80.5,40.7759208679199,83.16242,27.93064,3710.0,16649.0,18.09104,5.20442,24.34143,26.1669,14.87218,2.18797993659973,9.15,28.0,,,5810.0,10021856754.4944,,
Eritrea,6131,8.0,,377512,216944,4612,,,60.2705116271973,91.02953,22.39945,26274.0,39117.0,11.18741,2.67262,39.8274,40.28249,36.77113,2.12700009346008,7.44,,,,600.0,2065001626.01626,,
Estonia,1291,9.0,,85539,124493,67760,99.8,99.8,97.4317932128906,98.73354,3.41807,985.0,402.0,0.53144,6.02619,7.91304,11.49954,8.26007,5.23887014389038,6.46,,48000000.0,Euro,23370.0,30650285471.7215,690875.0,
Ethiopia,91729,8.0,,8019287,4488907,191165,50.0,22.8,68.0842895507813,90.27594,63.39572,329982.0,1199488.0,7.62389,6.05346,43.34925,64.27288,20.99876,5.06867980957031,2.79,27.0,,,890.0,107645054311.876,,21.5
Fiji,875,,,113643,101741,12717,,,108.869766235352,94.0515,2.84524,29.0,205.0,0.19517,6.36377,26.24225,27.99728,13.34818,5.06788015365601,4.79,,,,4720.0,4376014755.57615,,
Finland,5408,10.0,,381785,430596,305996,,,100.976081848145,99.77353,0.37067,825.0,1148.0,0.32645,6.08524,9.02802,13.19718,15.99444,6.26929998397827,7.83,,1434000000.0,Euro,49700.0,269751312854.475,2678170.0,
France,63937,13.0,,4015490,6036192,2187383,,,92.9303665161133,98.87175,2.04152,75957.0,161792.0,4.165,5.27117,14.67706,18.1766,11.22372,5.41316986083984,8.62,,42528000000.0,Euro,39400.0,2630317731455.26,27843000.0,
Gabon,1633,10.0,,281371,89572,7473,88.0,80.0,78.4291534423828,49.26668,40.19051,14474.0,96273.0,34.40582,8.56849,,24.53098,,2.76782989501953,20.47,,,,6970.0,15593181270.9135,,0.4
Gambia,1791,9.0,18.0,174836,84768,1530,,,82.2642517089844,91.60882,22.68709,2973.0,10203.0,3.711,5.2618,27.70799,36.83534,,2.87529993057251,9.64,19.0,,,750.0,1901930157.64528,325300.0,0.3
Georgia,4358,9.0,43.0,337071,315428,174255,,,93.5300521850586,99.40691,1.32313,1571.0,601.0,0.21063,7.00899,7.19235,9.07882,7.30735,3.83912992477417,12.05,18.0,,,4290.0,15891688903.1843,1965300.0,0.3
Germany,82800,13.0,,3306136,8267636,,,,99.0177993774414,98.86234,3.51825,107705.0,11679.0,0.40797,4.13141,11.26402,12.29942,14.35103,4.99274015426636,4.31,,176977000000.0,Euro,47060.0,3846413928653.71,43400000.0,
Ghana,25366,11.0,68.0,2929536,1350410,119559,66.4,49.8,93.8091125488281,96.34665,16.28634,35660.0,85706.0,1.97374,6.72376,15.3958,31.25587,19.50429,4.0041298866272,4.53,34.0,,,2230.0,72354428864.9032,,1.9
Greece,11125,10.0,,650242,715537,646587,97.8,94.2,96.350456237793,98.37002,9.31531,10215.0,4733.0,0.75122,5.91819,8.09305,9.19747,7.68323,3.59395003318787,16.85,,10595851000.0,Euro,18080.0,189410106620.016,4937140.0,
Guatemala,15083,16.0,,2345301,754496,114764,75.4,63.3,80.736686706543,84.23994,28.23722,30920.0,225029.0,9.30861,6.24113,14.25009,22.98198,10.41592,3.29972004890442,4.65,21.0,50096906709.0,quetzal,4490.0,77604632170.5853,3981980.0,2.8
Guinea,11451,6.0,,1206743,423479,23788,42.6,18.1,59.3511085510254,52.75749,34.1064,116710.0,235909.0,13.63928,5.49,37.0465,45.59096,26.66493,2.19947004318237,4.35,25.0,11968753199923.7,Guinean franc,1020.0,15681050917.1588,,
Guinea-Bissau,1664,9.0,10.0,155033,26543,473,,,65.1425170898438,54.39927,90.25162,9032.0,39234.0,14.06791,7.07018,17.13103,51.92515,10.60682,2.94781994819641,3.16,38.0,,,760.0,1431758242.90375,,
Guyana,795,6.0,49.0,116756,70615,7278,,,97.3759384155273,94.84214,7.81281,6411.0,0.0,0.0,5.16922,19.57958,23.1645,21.7405,4.45058012008667,15.82,16.0,,,6600.0,5471256594.72422,,
Honduras,7936,12.0,,1268150,565535,122874,79.8,80.2,80.1820526123047,71.78692,24.55428,12080.0,18832.0,1.63751,6.52959,9.52825,13.67112,7.40113,4.91284990310669,9.39,16.0,27083800000.0,lempira,2200.0,23827840809.7014,,1.3
"Hong Kong SAR, China",,9.0,,451171,498354,152294,,,105.418197631836,99.71401,1.55039,6626.0,1725.0,0.53213,6.70244,17.756,13.84932,,4.4063401222229,5.8,,,,48630.0,346585881503.635,3640550.0,
Hungary,9976,13.0,,430561,960215,436012,,,95.6059722900391,98.56219,1.73983,8269.0,6799.0,1.73085,4.05501,10.22135,11.2436,11.53472,4.62730979919434,4.35,,649628000000.0,Forint,16010.0,155012927629.087,4202600.0,
Iceland,326,10.0,,30879,32888,15529,,,100.976043701172,99.67424,2.08263,0.0,0.0,0.0,6.9063,,9.92804,12.45239,7.57405996322632,5.01,,30169884864.0,Icelandic króna,62420.0,21718075725.2054,,
India,1240000,8.0,,140012899,89461793,11777296,73.4,47.8,94.5591278076172,88.61676,38.62689,881307.0,2826857.0,2.14085,5.53024,29.76622,32.31833,32.05593,3.45097994804382,7.11,12.0,12649672835773.8,Indian rupee,1900.0,2622983732006.45,,189.2
Indonesia,247000,9.0,,29149746,15993187,3640270,94.0,86.8,102.334838867188,88.87188,18.05865,208167.0,659482.0,2.21344,6.363,14.7087,16.55935,16.57657,2.84185004234314,4.11,7.0,,,3870.0,1058423838345.14,111948000.0,24.1
Iran,76424,9.0,,7307056,9942201,2126274,88.0,76.8,99.4387893676758,96.16681,3.82423,14803.0,88468.0,1.2513,6.46721,16.05594,25.91843,18.46739,3.66319990158081,10.96,,,,2870.0,191718271483.759,,3.9
Iraq,32778,6.0,3.0,4430267,1751164,424908,84.1,64.2,66.9970703125,72.59195,50.50315,302241.0,818729.0,16.83121,6.59872,18.83668,16.95545,18.68712,3.55150008201599,13.74,11.0,1833274500000.0,Iraqi dinar,4660.0,167224432560.319,,9.1
Ireland,4576,10.0,,454060,317337,186561,,,100.632316589355,98.78215,,465.0,2629.0,0.50982,8.16472,,16.06046,,3.38309001922607,5.92,,1933000000.0,Euro,64150.0,425888950992.003,2241000.0,
Israel,7644,15.0,,784663,610341,310937,,,101.970832824707,98.45703,0.76176,6126.0,11855.0,1.37577,6.27063,11.33172,12.50256,8.68793,6.1648998260498,4.61,,,,42600.0,401953767072.801,3015370.0,
Italy,60885,12.0,,2771247,4507408,2014998,98.8,98.0,97.636962890625,99.66623,1.05956,63287.0,7347.0,0.26003,5.08441,10.83621,12.03423,11.75716,4.2557201385498,9.31,,38447200000.0,Euro,32200.0,1886445268340.71,24969900.0,
Jamaica,2769,6.0,86.0,326411,246332,45770,74.1,85.9,76.9197006225586,84.91238,5.14892,1209.0,9076.0,3.40945,5.83999,19.36813,22.08221,19.30821,5.40337991714478,8.4,6.0,,,4620.0,13812421803.4084,1261270.0,0.3
Japan,127000,9.0,,7231854,7710439,4038302,,,99.1371688842773,99.94027,0.16174,0.0,0.0,0.0,6.09275,12.96262,16.73194,10.5074,3.43330001831055,2.97,,,,40540.0,4975415241562.52,65665800.0,3.5
Jordan,7009,10.0,,804904,625682,217823,95.2,87.0,81.6035690307617,97.62787,2.10094,13159.0,5244.0,0.61738,5.32623,19.93281,19.93241,11.86462,2.98847007751465,18.5,2.0,,,4310.0,43697659275.3137,,0.9
Kazakhstan,16271,9.0,37.0,1023974,2039911,753181,99.8,99.3,102.002799987793,99.67074,1.22778,338.0,434.0,0.03629,4.25025,,16.2004,,2.8569700717926,6.05,2.0,1285188400000.0,tenge,8680.0,169835426427.153,,0.5
Kenya,43178,12.0,,6075706,2464042,102798,77.7,70.2,99.6787414550781,69.88087,22.36874,100332.0,402284.0,5.11972,6.68375,56.57381,56.5747,32.30515,5.07996988296509,2.98,26.0,,,1760.0,98842939649.1149,,11.8
Kiribati,101,9.0,,16132,11331,,,,93.4303970336914,34.49921,21.09494,344.0,313.0,1.93305,6.81847,18.01061,26.37134,19.008,12.3946599960327,,,,,3010.0,199573325.992705,,
Kuwait,3250,9.0,,202826,248895,38630,94.4,91.0,83.8955612182617,97.7485,4.30151,6320.0,1405.0,0.58041,5.06146,8.07498,8.82856,6.76887,6.55125999450684,6.79,,765722754.761279,Kuwaiti dinar,36290.0,136196760180.976,1216550.0,
Kyrgyz Republic,5474,10.0,19.0,434155,721205,220460,99.3,98.1,108.141807556152,99.69101,1.20556,196.0,133.0,0.0306,4.24231,,25.30667,,5.36674976348877,7.89,4.0,,,1160.0,7735976612.64163,,0.4
Lao People's Democratic Republic,6646,9.0,7.0,890821,393856,47424,77.0,60.9,89.0287475585938,89.43157,22.38513,4643.0,60279.0,6.92152,5.83783,18.05856,25.1565,19.03245,2.93780994415283,0.95,11.0,,,2480.0,19136194848.6534,,
Latvia,2060,11.0,,84369,271631,130706,99.8,99.7,98.3075332641602,97.33822,6.4827,782.0,868.0,0.75754,6.06048,7.21192,11.08754,9.2741,4.24517011642456,8.19,,135280000.0,Euro,17590.0,33505185228.7067,1166470.0,0.1
Lebanon,4647,10.0,62.0,452607,362366,165730,,,,89.64387,6.71228,25457.0,37873.0,8.0303,5.84451,7.75931,12.04695,8.86643,2.59202003479004,6.61,2.0,,,5510.0,33383246857.58,,0.4
Lesotho,2052,7.0,,422278,94460,7918,73.7,90.3,85.6288528442383,75.3546,32.64052,12152.0,32027.0,8.7494,7.46049,,32.77944,,7.37501001358032,24.65,23.0,277978370.308876,loti,1100.0,1844510137.67817,,0.7
Liberia,4190,6.0,,496253,135509,44107,58.3,45.7,60.595401763916,77.68091,32.2345,7233.0,41292.0,6.03705,6.628,13.75804,26.49841,17.2592,2.30928993225098,3.3,21.0,,,530.0,2950000000.0,,1.8
Libya,6155,9.0,,713902,701536,375028,92.8,74.8,93.565803527832,73.74156,26.84455,32256.0,69173.0,9.5846,6.87237,,16.90346,4.77599,2.26416993141174,19.39,,,,4850.0,25418461532.2008,,
Liechtenstein,,9.0,,2266,3273,532,,,94.459098815918,99.76852,20.60125,12.0,69.0,3.57698,5.15302,5.35802,7.44361,28.7037,2.55604004859924,,,,,116440.0,6839145106.86164,,
Lithuania,3028,11.0,,158105,423706,195405,99.6,99.6,104.260269165039,98.96344,2.79053,1428.0,579.0,0.53583,4.09575,7.69039,12.80832,9.08503,3.89495992660522,8.43,,581335767.126987,Euro,19410.0,55887271833.0025,1640930.0,
Luxembourg,524,12.0,,35016,35946,3042,,,82.2182769775391,40.68202,15.21833,2127.0,1138.0,3.22837,5.79003,10.00701,8.37204,6.57126,3.66626000404358,6.96,,547400000.0,Euro,73500.0,73263982103.0119,369976.0,
"Macao (Macau) SAR, China",,10.0,,37401,46539,23420,95.3,87.8,103.1875,95.31369,1.72623,1558.0,722.0,3.15808,6.4986,12.67407,13.69802,11.80369,3.06146001815796,2.5,,,,75610.0,55153707948.7021,329125.0,
Macedonia,2106,,22.0,110149,214005,49364,98.2,94.1,,98.78877,2.50694,879.0,1.0,0.00093,4.29927,8.93168,15.15012,12.68329,,,13.0,,,,,,
Madagascar,22294,5.0,,3597731,346941,44948,76.5,65.3,63.2768211364746,65.75562,59.94878,162092.0,964904.0,20.92739,7.46101,24.57789,41.71542,19.26137,2.94490003585815,1.92,28.0,,,480.0,13720634105.403,8481470.0,11.0
Malawi,15906,8.0,,2867993,515462,5089,74.9,54.0,80.3485870361328,73.45362,50.88378,84464.0,800083.0,19.53035,9.05367,,61.38905,,2.90761995315552,5.99,26.0,,,580.0,11961848552.5977,,3.4
Malaysia,29240,6.0,,3159376,2583993,731077,92.0,85.4,100.657356262207,89.0528,5.77376,0.0,0.0,0.0,6.42239,17.17389,11.4126,17.62781,4.16339015960693,4.55,,28134000000.0,ringgit,10580.0,336664444247.042,10880300.0,0.9
Maldives,338,7.0,,57873,28878,73,96.2,96.4,91.6666717529297,85.95751,17.84163,868.0,1016.0,2.5676,7.08502,5.79197,12.02005,8.37785,4.12159013748169,7.18,,,,6830.0,4030203166.77482,,
Mali,14854,9.0,10.0,1505903,429716,32609,32.7,15.9,49.6143913269043,65.00811,38.40749,203033.0,437720.0,20.06402,4.58302,29.54108,42.47449,10.83247,3.43867993354797,7.5,21.0,,,830.0,17393761397.0805,,1.0
Malta,428,11.0,,29114,38961,9441,86.4,89.2,108.302627563477,97.49905,3.12446,34.0,115.0,0.47775,5.85499,6.91793,11.27318,8.65706,4.65162992477417,4.09,,314513022.0,Euro,25370.0,14647384607.604,170528.0,
Marshall Islands,53,13.0,,8393,5901,919,,,71.698112487793,90.87137,16.53218,0.0,0.0,0.0,6.32403,14.42077,16.9381,12.47541,9.61128997802734,,,,,5010.0,239462200.0,,
Mauritania,3796,9.0,5.0,443615,92796,8758,59.5,43.4,72.9097290039063,52.7232,35.87207,11789.0,20659.0,3.48823,6.05053,51.9469,34.37911,17.27814,1.88659000396729,10.66,16.0,,,1640.0,7778525642.92883,,0.5
Mauritius,1240,11.0,,123562,127891,16852,88.2,80.5,96.37744140625,85.68427,1.76145,2164.0,1034.0,0.98196,6.10969,,18.73281,,4.60799980163574,7.11,,,,10230.0,10914065306.2423,559750.0,
Mexico,121000,14.0,,14700005,10564404,2384858,93.2,90.2,102.465538024902,96.59978,4.28735,54519.0,119278.0,0.81807,6.2056,19.59002,27.40876,12.26957,4.25442981719971,4.71,5.0,1256171776000.0,Mexican new peso,8480.0,1076163316174.94,45318400.0,9.0
Moldova,3514,12.0,,184159,382577,118528,99.6,98.6,103.856201171875,98.29446,4.93988,0.0,0.0,0.0,3.72003,9.48504,16.80874,9.15378,6.10457992553711,4.71,16.0,,,4570.0,11914040905.2626,1265330.0,
Mongolia,2796,12.0,60.0,251205,339249,123824,98.0,97.5,107.479499816895,97.00969,9.10258,16.0,129.0,0.05391,5.09362,21.08535,27.20739,19.4939,4.94088983535767,4.33,10.0,520696000000.0,Togrog,3670.0,13137128659.479,,0.7
Morocco,32521,9.0,39.0,4022600,1952456,366879,65.7,39.6,100.088119506836,80.42357,10.74566,243724.0,385009.0,9.55324,6.95563,21.34138,25.66659,16.56809,5.26064014434814,10.15,8.0,21870000000.0,Moroccan dirham,2980.0,112870591694.044,11293800.0,1.6
Mozambique,25203,,,3942829,305877,28298,54.8,25.0,58.1840209960938,53.71358,69.25083,85337.0,363464.0,6.41076,7.48299,33.89333,54.48858,23.91423,6.22999000549316,3.39,22.0,2734740000000.0,metical                                 ,460.0,14021421105.9078,,9.6
Myanmar,52797,5.0,23.0,4948198,2589312,553456,93.9,86.4,95.3996124267578,76.982,25.20767,9585.0,10207.0,0.19715,4.98934,35.72074,27.56392,22.73771,1.97421002388,1.79,,,,1260.0,76185586096.7974,,7.6
Namibia,2259,7.0,,404198,148104,12197,86.8,83.5,93.3026123046875,87.01187,9.40721,33748.0,63280.0,14.88094,7.82376,24.6368,29.77842,20.86442,9.40958976745605,20.35,,,,4520.0,10699926682.6513,,0.4
Nepal,27474,9.0,30.0,4030045,2054165,147123,62.7,34.9,120.447341918945,82.65077,29.90174,83759.0,432583.0,9.97803,6.69782,35.05985,23.09923,22.79732,4.43445014953613,4.44,34.0,,,1190.0,33657175561.329,,1.7
Netherlands,16714,13.0,,1277990,1410249,564983,,,92.6547775268555,78.2003,1.78464,20369.0,0.0,0.0,6.25666,14.04762,11.66686,15.2558,5.35764980316162,4.09,,16286000000.0,Euro,51060.0,913865395789.886,7755580.0,
New Zealand,4460,10.0,,352845,526152,239983,,,103.457962036133,,,3363.0,12020.0,3.78838,5.91832,14.69977,14.36696,13.31329,6.04850006103516,4.55,,805000000.0,New Zealand dollar,41330.0,210886315368.533,2305800.0,
Nicaragua,5992,7.0,,945089,437853,103577,76.8,76.6,84.875862121582,97.05273,51.59073,21373.0,73347.0,7.94018,7.38509,29.33434,30.21638,34.71449,3.44283008575439,5.82,15.0,37729766945.8473,córdoba,1850.0,12621476263.8278,1999400.0,1.1
Niger,17157,,,1064056,181641,10799,42.9,15.1,51.1945381164551,54.89481,35.60446,84731.0,87620.0,3.84801,4.25841,26.62827,35.75275,20.6143,3.52316999435425,0.69,43.0,202795000000.0,CFA franc,540.0,13678234008.4714,,
Nigeria,169000,9.0,32.0,22267407,6397581,1289656,78.2,60.1,73.7924880981445,,20.66159,,0.0,0.0,5.17411,31.13083,37.55319,35.86087,3.0636899471283,9.01,29.0,,,2000.0,432293776262.398,,24.6
Norway,4994,10.0,,429652,403026,213940,,,100.506248474121,99.97067,0.42509,0.0,0.0,0.0,7.01025,8.36195,8.85048,8.73438,7.64411020278931,4.62,,21247000000.0,Norwegian krone,78180.0,362522347110.364,2587580.0,
Oman,3314,10.0,,297120,292783,48483,86.9,73.5,99.2017364501953,99.80842,1.32483,15319.0,0.0,0.0,4.33739,15.73699,19.90897,20.17841,5.41320991516113,4.97,,,,14150.0,76331518668.5771,,0.4
Pakistan,179000,12.0,,17257947,7244911,782621,64.1,35.4,72.9254531860352,79.3249,20.41011,139588.0,442742.0,2.27847,4.66707,17.70858,46.52317,21.67129,2.50755000114441,4.65,,,,1280.0,263686552686.208,51780000.0,26.1
Palau,21,12.0,,1918,2269,484,,,100.429176330566,93.46154,,2.0,88.0,5.36913,6.85523,15.9,15.66129,14.34848,7.5219898223877,,,3950460.44921875,US dollar,16500.0,268354900.0,,
Panama,3802,11.0,,430152,256224,126242,92.5,91.2,86.0754013061523,97.52555,6.76026,12251.0,20080.0,4.60579,6.32413,16.62432,25.48506,13.98376,3.12736010551453,10.23,7.0,,,11880.0,52938100000.0,1332060.0,0.3
Papua New Guinea,7167,,,680786,190321,9943,63.4,50.9,77.1238479614258,,54.51857,0.0,0.0,0.0,8.26756,,36.195,,1.8748300075531,2.74,,,,2660.0,23591523025.2864,,
Paraguay,6687,13.0,,930917,526001,149120,94.3,92.7,75.0352478027344,93.26176,15.85323,3892.0,36965.0,4.55522,6.35615,19.10035,24.15974,17.61386,3.46971011161804,7.61,15.0,14772135147420.1,guarani,5140.0,35304238230.1132,1053000.0,0.6
Peru,29988,14.0,,4077361,2691311,909315,93.7,82.5,98.7053298950195,93.16653,9.49423,80644.0,145637.0,4.19975,6.09998,21.62195,17.66104,21.64383,4.24667978286743,6.24,34.0,34258000000.0,new sol,6010.0,202014363787.233,4007550.0,2.2
Philippines,96707,13.0,,13083744,6352482,2402649,91.6,93.6,105.755256652832,98.30019,24.22016,128761.0,196671.0,1.36007,7.01694,38.96365,31.35082,25.22192,3.23436999320984,3.36,,1746509494707.29,Philippine peso,3430.0,361489354350.0,36804300.0,15.4
Poland,38211,10.0,,2723661,3444903,2118081,,,95.0226364135742,98.39656,1.46771,34945.0,18806.0,0.8703,6.06113,9.06589,10.22951,9.91525,4.61579990386963,3.55,,62197000000.0,Zloty,15270.0,594164690894.936,17010700.0,
Portugal,10604,12.0,,752739,669529,380937,95.8,92.0,100.125190734863,80.9593,,116942.0,145908.0,14.3076,6.46547,9.68626,13.40675,10.11023,4.67515993118286,7.2,3.0,3049530000.0,Euro,22000.0,231226743398.402,5582700.0,
Qatar,2051,9.0,,69991,55705,9760,89.1,88.6,95.9662399291992,96.23684,2.26042,3284.0,2229.0,1.90968,6.03784,10.76287,11.20958,9.5617,3.19033002853394,3.45,,10295703469.296,Qatar riyal                             ,56210.0,146373588866.511,,
Romania,21755,10.0,,970295,2089646,738806,98.4,96.3,85.2892303466797,97.57941,5.95006,22284.0,12106.0,1.50004,3.8209,10.86661,17.56015,14.09334,3.34474992752075,4.84,1.0,1551000000.0,New Romanian Leu,12570.0,248715551366.635,10041600.0,
Russian Federation,143000,11.0,,5308605,12433155,9019556,99.7,99.2,105.225852966309,99.60705,3.55324,20649.0,21884.0,0.38222,3.93791,,19.80802,,4.67819976806641,5.73,,964453000000.0,Russian Ruble,10690.0,1483497784867.6,75712500.0,4.1
Rwanda,11458,6.0,,1723997,203822,26378,71.4,59.8,97.4003295898438,74.35451,65.25253,29763.0,409796.0,12.45681,8.01494,22.59902,58.24871,22.61891,3.4072699546814,1.35,29.0,,,780.0,10333991891.7032,,4.4
Samoa,189,8.0,,31596,24242,1179,98.9,98.3,111.355857849121,97.39903,10.04949,35.0,431.0,1.3748,6.42438,23.61408,30.23604,17.41565,4.80916023254395,8.87,,,,4070.0,807027244.42138,,
San Marino,31,10.0,,1249,988,942,,,90.243896484375,98.91513,3.75441,0.0,0.0,0.0,4.66786,6.344,6.27092,,3.37969994544983,,,19300000.0,euro,,1616369645.99635,,
Sao Tome and Principe,188,6.0,27.0,30468,8091,,92.2,77.9,84.3460922241211,75.95173,20.4669,3021.0,6705.0,18.90596,6.94841,23.18008,38.77644,21.45882,5.92154979705811,13.86,8.0,,,2070.0,472914469.91933,,
Saudi Arabia,28288,9.0,,3263648,2732249,603671,87.5,76.3,99.3273086547852,96.16234,1.31228,12245.0,35520.0,0.96491,6.57681,10.55623,10.75887,11.4165,5.13781023025513,8.22,,13189000000.0,Saudi Arabian riyal,21930.0,700117873249.269,,1.6
Senegal,13726,11.0,22.0,1444163,405899,,51.1,29.2,60.5410499572754,88.36504,38.63309,142368.0,54351.0,2.87852,4.93255,34.78689,31.58513,25.1471,5.28719997406006,7.1,17.0,474234000000.0,CFA franc,1430.0,24910904235.857,1897000.0,1.5
Serbia,9553,8.0,44.0,,,,,,97.9385604858398,99.26427,1.69967,2369.0,1277.0,0.44846,4.05514,8.3424,15.7097,8.99388,3.61922001838684,9.08,4.0,154062597162.859,Dinar,7400.0,52960134078.6888,,0.4
Seychelles,92,10.0,,9204,7520,,91.4,92.3,102.679740905762,94.87492,15.12106,0.0,0.0,0.0,6.31919,14.12647,12.55271,13.07451,3.91458988189697,,,,,12720.0,1124937500.0,,
Sierra Leone,5979,9.0,14.0,554308,155567,9041,46.7,24.2,87.1900863647461,85.59122,52.24828,22982.0,178597.0,13.74022,7.80934,19.83891,34.83163,22.50521,9.26146984100342,4.6,26.0,,,490.0,3865018882.89755,,2.0
Singapore,5303,6.0,,290261,241964,,95.1,83.0,98.0779495239258,89.08668,1.32316,661.0,1160.0,0.39375,,14.91591,17.43929,14.90509,2.50665998458862,5.19,,,,54920.0,339998477929.985,1918100.0,
Slovakia,5446,10.0,,242459,662659,181419,,,95.2294769287109,97.13822,2.09888,4864.0,6301.0,2.94762,4.07418,10.94092,15.23635,11.3341,3.975830078125,6.79,,4033063000.0,Euro,18700.0,104574146248.364,2654800.0,0.3
Slovenia,2068,9.0,,93156,181299,112228,99.7,99.6,98.553840637207,98.45763,0.95227,368.0,873.0,0.78332,5.96204,7.27727,16.8859,12.99036,4.93603992462158,5.17,,1182900000.0,Euro,24800.0,53589609580.7099,944525.0,
Solomon Islands,550,,,72670,22487,,,,85.6941986083984,91.33507,28.54036,511.0,7240.0,7.09936,7.15876,32.87436,20.31899,22.14803,10.1349000930786,0.79,,,,2300.0,1551245525.6045,85120.0,
South Africa,52386,9.0,,7444142,4593492,735073,84.1,80.9,91.9994888305664,89.71673,23.01407,244449.0,592581.0,7.96037,6.98062,,32.32933,,6.83613014221191,28.74,,168247000000.0,rand,5410.0,301923639269.552,17382500.0,3.3
Spain,46755,10.0,,2484903,3107816,1809353,98.0,95.1,97.4414825439453,95.23202,3.66391,159851.0,66646.0,2.31603,6.24831,11.21062,12.60121,11.58455,4.17816019058228,15.67,,37009000000.0,Euro,27320.0,1281484640043.58,23037500.0,
Sri Lanka,21098,11.0,,1702035,2332326,,92.3,89.1,99.2629776000977,98.85455,1.79804,14624.0,15760.0,0.88648,5.06437,17.33675,23.65918,18.16489,2.13539004325867,4.84,,1340533000000.0,Sri Lanka rupee,3720.0,80706600228.6499,7588600.0,1.6
Sudan,37195,8.0,20.0,3278090,1369735,204114,71.1,51.8,64.0855026245117,92.17926,20.56927,25263.0,141042.0,3.28622,4.22411,,25.33479,,2.21867990493774,17.71,,,,650.0,26110829190.4008,7982960.0,5.2
Suriname,535,6.0,39.0,65527,45818,5186,92.0,87.2,85.8640823364258,56.10446,14.12902,4516.0,10783.0,15.64159,7.20884,12.9791,13.82506,8.09574,7.23706007003784,8.65,6.0,,,5510.0,3807922874.48306,85880.0,
Swaziland,1231,,33.0,214054,67849,5897,80.9,78.3,,91.5541,25.29459,7528.0,40370.0,16.88987,7.9927,19.32175,28.09674,12.55396,,,7.0,,,,,157000.0,
Sweden,9511,10.0,,658461,735494,426723,,,105.086082458496,99.98999,0.44376,0.0,0.0,0.0,7.09544,9.49987,9.64567,9.54331,7.64084005355835,8.45,,17995000000.0,Swedish Krona,54060.0,541063604339.715,4906620.0,
Switzerland,7997,11.0,,524222,574783,199696,,,96.3617324829102,99.14057,31.31832,4113.0,6005.0,1.24099,6.19775,7.9666,10.10432,11.23989,4.86093997955322,4.94,,13761115000.0,Swiss franc,84310.0,752248045730.11,4528750.0,
Syria,21890,9.0,8.0,2252145,2389383,,87.8,73.6,72.2929916381836,56.33355,83.88965,81789.0,113730.0,7.35015,3.20208,16.64287,25.32848,8.46774,5.13013982772827,9.03,4.0,,,1820.0,40405006007.2086,5032000.0,
Tajikistan,8009,9.0,10.0,693078,984410,119317,99.7,99.2,94.9123916625977,99.21092,1.38205,680.0,255.0,0.03733,3.92422,21.61915,22.28986,8.43554,5.71290016174316,7.5,10.0,,,1060.0,8194150301.78552,,
Tanzania,47783,7.0,,7541208,271146,51080,77.5,62.2,68.7386093139648,56.29528,33.3469,85057.0,288414.0,3.50361,6.11711,,43.44315,,3.10434007644653,2.16,21.0,,,1080.0,62409748426.5824,,14.1
Thailand,66785,9.0,61.0,5974615,4533173,2359127,94.9,90.5,95.0630798339844,99.02291,6.52948,0.0,0.0,0.0,6.15093,20.87792,15.3927,17.82866,2.96898007392883,1.02,8.0,,,7050.0,501794961925.244,38365500.0,6.5
Timor-Leste,1114,9.0,,177970,74822,6349,,,105.198341369629,88.10334,18.7724,1305.0,43634.0,17.74844,8.28386,25.2543,31.35481,28.63492,6.83091020584106,5.06,4.0,,,1830.0,1821000000.0,,0.4
Togo,6643,10.0,29.0,996707,399038,18455,68.7,38.5,88.359260559082,69.67551,47.1658,90818.0,158276.0,11.19977,7.65984,33.93276,41.13664,16.20854,4.96937990188599,4.05,28.0,,,920.0,7574635241.30191,,1.6
Tonga,105,15.0,,16940,14032,657,98.8,99.0,108.446083068848,70.52989,9.60885,747.0,526.0,3.0491,6.45415,15.26935,21.85806,13.32036,7.95963001251221,4.37,,,,5000.0,512350059.421629,33908.0,
Trinidad and Tobago,1337,7.0,75.0,129703,97080,16920,98.9,97.8,94.9367828369141,88.08057,10.61263,115.0,8308.0,6.32509,7.41042,13.49841,17.57943,,3.56123995780945,6.74,1.0,437000000.0,Trinidad and Tobago dollar              ,15410.0,21529824769.2969,,0.1
Tunisia,10875,9.0,,1184301,1239468,311569,83.4,65.3,106.467338562012,85.34507,6.02862,97586.0,74325.0,6.82369,6.77811,15.14807,16.5447,11.8281,7.32434988021851,16.69,,5256120000.0,Tunisian Dinar,3100.0,39235672868.2722,3677700.0,0.3
Turkey,73997,12.0,,7947603,5075720,2106351,95.3,79.6,90.8467712402344,97.79002,9.97535,98315.0,115374.0,2.06249,4.27479,20.63689,19.83354,19.59875,4.29460000991821,13.92,3.0,,,9050.0,720101212394.114,24747800.0,
Uganda,36346,7.0,,7223879,760337,88360,76.8,57.7,52.671760559082,58.3436,75.1622,16472.0,873914.0,10.33076,7.89695,19.01322,45.59109,18.01159,3.01393008232117,2.44,25.0,,,800.0,37372032557.5944,,
Ukraine,45530,11.0,63.0,1945715,4042827,2604875,99.7,99.2,102.59253692627,99.90722,1.47046,108.0,955.0,0.05668,4.23788,,16.89406,,5.43965005874634,9.48,7.0,31133000000.0,hryvnia,3540.0,155582008717.426,22397400.0,1.6
United Arab Emirates,9206,12.0,,262807,284978,68182,89.0,87.8,104.711196899414,99.64979,8.04099,2965.0,882.0,0.21697,5.25416,14.14972,18.93254,9.67677,3.10269999504089,5.0,,,,43470.0,421142267937.372,,0.3
United Kingdom,62783,11.0,,4634991,5747422,2287541,,,101.594688415527,,,,0.0,0.0,6.46469,15.26531,17.3882,16.16583,5.23890018463135,4.34,,16068000000.0,pound sterling,38950.0,2707743777173.91,31372700.0,
Uruguay,3395,14.0,,366205,339057,103431,96.2,97.3,103.224647521973,79.96257,5.25636,35255.0,14759.0,4.55523,6.56747,10.1362,13.79403,13.78374,4.68332004547119,12.67,8.0,50177410792.4393,Uruguayan peso,15830.0,53628827440.3582,1580450.0,0.1
Uzbekistan,28541,12.0,20.0,2440603,4234948,407582,,,105.997978210449,99.02873,1.92168,444.0,84.0,0.00431,3.87587,,15.6244,,5.11241006851196,5.97,,6364697700000.0,Uzbek sum,1670.0,57707189945.4214,,0.8
Vanuatu,247,,,39341,13837,955,,,94.1813430786133,78.69925,28.54799,586.0,6876.0,15.56325,7.65826,17.77791,22.82076,14.82099,2.3125,1.95,,19499000000.0,vatu,2780.0,854793640.145606,,
Venezuela,29955,17.0,,3449290,2028388,983217,93.3,92.7,92.588737487793,98.68418,12.85023,80537.0,104570.0,3.00046,6.05845,,25.68126,,1.34407997131348,9.14,8.0,106141.0,Bolívar soberano,13080.0,482359318767.703,12379700.0,9.1
Vietnam,90796,10.0,72.0,7773484,9939319,1354543,93.9,86.9,110.021209716797,87.05014,10.40116,54514.0,73925.0,0.9943,5.46856,15.62477,19.21383,27.6063,4.06197023391724,2.27,7.0,,,2660.0,271158442059.082,,6.1
Yemen,23852,9.0,3.0,3219554,1455216,201043,73.1,34.7,72.3003921508789,83.30139,30.52896,79255.0,326264.0,8.42028,5.90685,11.09061,30.25279,24.17273,5.15143013000488,13.42,23.0,,,940.0,23486269598.9858,,
Zambia,14075,7.0,,2565419,408971,24553,76.3,59.8,79.973876953125,59.15526,44.51099,48206.0,169961.0,5.5269,7.46458,47.94506,47.94526,,4.46517992019653,12.17,41.0,,,1190.0,19320053859.279,,
Zimbabwe,13724,7.0,,2361588,758229,55689,92.7,86.2,90.0173492431641,77.11484,23.07312,18298.0,50461.0,1.89476,7.16202,,36.4082,,3.58728003501892,5.73,,,,1090.0,16768513442.6415,4963260.0,
